id,title
16e717da-d462-4d22-b5d2-fbfdcc489445,Купе
b0a5f7e7-8c63-487e-a452-3bb617a29faa,Седан
ce60e181-0316-448c-ac31-889024681644,Открытый кузов
d17f78b6-44c5-45b7-81b9-63ed61c70673,Автобус
aa6e6cc0-6c3c-4873-883e-542e2354adbe,Шасси
65620160-2bb5-4d8a-9c69-10e7f9000087,SUV
226fe0db-20d7-426a-a948-81709119d0bf,Коммерческий фургон
6f15b67b-80b1-4526-a46c-dbd49f42c8f3,Минивэн
54939c6f-9a26-45d7-9db9-61e9e5d16303,Универсал
b3556dce-3745-4bdd-a87f-52023ee945e7,Цельнометаллический Фургон
f74a3871-bc8e-43b7-a325-d164c72e66de,Хэтчбек
6d94deed-5140-4cdd-a9a3-bda43696f0e7,Седельный тягач
a2f351c1-3ee9-402e-b2d9-36f0c457fe99,Бортовой грузовик
df6ac219-a117-481c-9094-3a738b5077d3,Лифтбек
f9c76a74-818d-4979-9307-92ae295e42f2,Пикап
573ef69d-0bd1-4e95-abf7-f6492e86db5f,Грузовой автомобиль
