id,engine_type_id,title
ab4321fc-3f30-4950-b143-a505df92029f,773b5013-ac57-45e9-9d0b-75221c3ce333,АИ-80
4d219724-5325-4471-861b-b90275900315,773b5013-ac57-45e9-9d0b-75221c3ce333,АИ-92
bfa0efb6-8a95-40a9-9feb-2c225d1e03be,773b5013-ac57-45e9-9d0b-75221c3ce333,АИ-95
6a0dc332-9ec0-4bb6-ab75-1c8601564765,773b5013-ac57-45e9-9d0b-75221c3ce333,АИ-95+
67a89599-fa56-4329-b671-981f78883319,773b5013-ac57-45e9-9d0b-75221c3ce333,АИ-98
781e37f7-62f0-499c-94c0-22c815baedba,773b5013-ac57-45e9-9d0b-75221c3ce333,АИ-100
3a020ddc-145f-42a9-a041-c451569afe36,773b5013-ac57-45e9-9d0b-75221c3ce333,ПРОПАН
0c5ea032-df1e-422e-a64e-4162d3e3e55e,5093f878-b467-472e-9b83-66891b7c0598,ДИЗЕЛЬНОЕ ТОПЛИВО
858dbf6b-1450-43ac-8558-e76c8961cdf6,5093f878-b467-472e-9b83-66891b7c0598,МЕТАН
e705ffd8-f158-4455-a005-5ea644614223,2717f985-4a59-403f-92a2-ba0e20de20a8,ЭЛЕКТРИЧЕСТВО
a2d7e48e-7e47-4e89-a028-690085bc762b,5132af60-d14d-40b2-8197-9126bac195ab,АИ-80
36c10d75-84fb-4fd6-aae1-39df81f00769,5132af60-d14d-40b2-8197-9126bac195ab,АИ-92
851e138e-c14a-488b-9b89-2f473b6c3deb,5132af60-d14d-40b2-8197-9126bac195ab,АИ-95
514a6436-610a-43a5-83a5-c48ae1a03580,5132af60-d14d-40b2-8197-9126bac195ab,АИ-95+
83ce1dc2-f3cf-4f38-902d-b609808b714e,5132af60-d14d-40b2-8197-9126bac195ab,АИ-98
46ed344b-fb8c-4709-9776-c0ae2ef1ac54,5132af60-d14d-40b2-8197-9126bac195ab,АИ-100
0e72e414-225f-4dcf-9ad8-f69db239d0cc,5132af60-d14d-40b2-8197-9126bac195ab,ДИЗЕЛЬНОЕ ТОПЛИВО