id,code,name
f767e437-22b1-442d-83d7-033e3c6bcfcd,01,Республика Адыгея
36543c0d-24a3-488e-a281-27e464da3743,02,Республика Башкортостан
d0a52de6-03b6-4a6d-8ef5-fe268376c2c6,03,Республика Бурятия
ae1dd38f-aca7-4204-94cb-723a5f17feb0,04,Республика Алтай
aa4674a6-e778-4807-9da8-3022189f44ab,05,Республика Дагестан
3a8e77ad-fa4f-4a3b-933e-1183694c05a8,06,Республика Ингушетия
fd872375-278a-4c3d-9366-97da7e7e367d,07,Кабардино-Балкарская Республика
8aaa7767-231a-4dcf-b7b1-fcd63708f0bf,08,Республика Калмыкия
875c8615-ba12-473e-996c-aae244d6a954,09,Карачаево-Черкесская Республика
02a4235f-dc72-4352-892d-d4aecfc26a20,10,Республика Карелия
c1a63750-2e5a-4ba7-b256-76052758d669,11,Республика Коми
35210621-6355-4a28-a145-9af040565692,12,Республика Марий Эл
4065daa6-d535-48dc-a549-c22fce373d03,13,Республика Мордовия
0edbc611-5c70-4dac-b9e3-1def16c2567c,14,Республика Саха (Якутия)
7154ceac-abba-4985-aa7b-328bb4c594b1,15,Республика Северная Осетия - Алания
eacaab3b-9e25-48f5-8648-bbb5174a2f5c,16,Республика Татарстан
fb7ebbf7-7988-4fe1-9b40-8b0c86ea316b,17,Республика Тыва
dc806659-4c08-4326-b7dc-9c6141ce329c,18,Удмуртская Республика
508b3f06-44af-4468-a052-762046e20fcd,19,Республика Хакасия
048e9c4c-2ed6-45ae-a222-0898fbafb405,20,Чеченская Республика
78236691-3749-44cb-acba-7f72d797954f,21,Чувашская Республика
6d13c149-a785-4b07-9449-9f38020d6460,22,Алтайский край
f9ab05a7-e86c-4d8a-822d-b920b39679cd,23,Краснодарский край
e04f7a6a-fa1f-40cd-8fef-a597e55b53cf,24,Красноярский край
fb9688f4-71c2-4cd3-a687-ea4033e482e0,25,Приморский край
1edc931a-f328-4849-9a17-6a583f3fa980,26,Ставропольский край
04324d9a-a974-4daa-abfd-4b4ba9aef427,27,Хабаровский край
de7be61d-4ac0-4acc-9179-e9b2e783e2be,28,Амурская область
08ab96eb-05bc-4b12-85f4-c9cd76c24308,29,Архангельская область
4afa40a6-7446-4e72-868d-51214a3780d1,30,Астраханская область
83e4a69e-aac4-4361-825e-fb2c19ff0e93,31,Белгородская область
dc30ee62-05e9-445d-b66c-232b1b65d4ae,32,Брянская область
67f51cfa-e6af-411d-999d-49cdbdefa2c1,33,Владимирская область
efd6b1b2-c3fc-41cc-8297-38e72e7555e0,34,Волгоградская область
94c585cf-028e-49bf-8b3e-b672f4fb4aaf,35,Вологодская область
5facfadc-8e31-4e58-a63d-47ef599ac3d8,36,Воронежская область
ac97cfca-16e1-41b0-b9a6-362466e2774d,37,Ивановская область
ffe0876c-58fe-4331-9907-cbdad0e7bde1,38,Иркутская область
66b2843a-871b-4fcb-bd63-9ab5abe91743,39,Калининградская область
d41186fd-befe-4937-aef2-5f302f0bc9e0,40,Калужская область
67966a6d-1ea0-4f96-8a77-a74caf682d63,41,Камчатский край
002e8213-58fc-44d2-81f9-1477fdfc464d,42,Кемеровская область - Кузбасс
4c05c6c5-bbb2-400e-b3c1-7cb534a7cd5b,43,Кировская область
51195f3d-4f15-4d99-b635-16c63ba8767f,44,Костромская область
f538d3d5-ddbb-426e-be80-1c482e297790,45,Курганская область
ae816f46-f042-4e6d-bf42-aa80e4039e4e,46,Курская область
7ab9c9bb-c84f-4176-adf8-ace92ecddb1b,47,Ленинградская область
25e15518-fb9f-47ce-b248-811c8cc697aa,48,Липецкая область
23bd470a-0912-4e53-a23c-f51c3af5ba4c,49,Магаданская область
2c5af403-4759-44a1-8574-3f0f58df84b0,50,Московская область
0a603f17-b237-4b34-a510-553c302f6cf0,51,Мурманская область
6aad338e-3656-4c86-913d-3fa637232e1d,52,Нижегородская область
074afc7f-598c-4e37-ba4a-3c386531ef9e,53,Новгородская область
9041ad4e-fed9-4b11-9625-0ce6611146d2,54,Новосибирская область
6530d0f8-be29-473f-9f61-948442c90b99,55,Омская область
6ff9f3b3-e50b-4f2b-8e78-275aa4f5e8f5,56,Оренбургская область
47e1ebed-c9ef-40dc-b826-c9679b5df421,57,Орловская область
d5d79031-b198-4f7a-92f2-146494b4ab7f,58,Пензенская область
09b2f648-c30a-464a-9dc0-7b17a5443a57,59,Пермский край
28e5451f-233a-406b-8907-03325c8d2446,60,Псковская область
be526891-9009-4a2b-9f5e-ca85786b8072,61,Ростовская область
86d61511-6a25-4b1a-a247-737ec891677e,62,Рязанская область
bd8bc2af-05f4-4a4a-b07c-5e46188c60ef,63,Самарская область
9d82457f-0255-4568-af9b-83b57975af06,64,Саратовская область
03efe410-f54e-45ad-a897-14775ff06bfa,65,Сахалинская область
7cfb2f7b-ef3f-44d8-beed-6d96051bfcd4,66,Свердловская область
2fe5837a-7d88-44b1-84bf-1c7c4f3fcb31,67,Смоленская область
9fe97bfd-ba3b-420d-9138-33a88168bf8c,68,Тамбовская область
6616224a-bf9d-4b09-bfb3-5de9fa803376,69,Тверская область
00aae5c6-9e9b-4498-aa9d-9f7354fcc0ae,70,Томская область
38f60082-3766-4713-b898-2cc4d4f58258,71,Тульская область
8b035c74-35d9-4fbc-85b7-802f1e746e50,72,Тюменская область
3dc5118d-0922-4c80-bfd0-4405dd1abf12,73,Ульяновская область
26361a3b-c4f3-4bbb-80b8-38ff5d4bd8ad,74,Челябинская область
40c53b7a-ffe9-48e5-a5a0-69b8f085e41a,75,Забайкальский край
a25a0b0e-38a3-4a91-a3dd-5cb7d0f577ff,76,Ярославская область
c5741be4-62ec-46b8-b0dc-5855425837d9,77,г. Москва
c04023fd-8207-4dde-a7ad-06e9c00e6ecb,78,г. Санкт-Петербург
fbdc9bab-3a2d-4f32-a196-7bc39ebf04d3,79,Еврейская автономная область
b6fbcd5c-0c20-4d2b-8a09-a5f9702860d7,83,Ненецкий автономный округ
d96539ab-a0ab-4043-a2c0-e3460f272cf7,86,Ханты-Мансийский автономный округ - Югра
e06ee9ae-d877-45d6-a244-9b8091de701c,87,Чукотский автономный округ
9c9cdc21-d07c-4a77-a88c-e35945a11328,89,Ямало-Ненецкий автономный округ
f44ef58e-1758-42ec-8320-dea0c21d74b6,91,Республика Крым
3c747028-ec69-497c-a203-124af6aeb1c3,92,г. Севастополь
ac24ad1b-57f8-41af-93bf-13931ffeb7c6,90,Запорожская область
964f632c-9128-4515-b2f9-8842d795cdf0,93,Донецкая Народная Республика
8488d300-2343-43c2-82e6-e5f28eb03f36,94,Луганская Народная Республика
5b5dd0aa-64b4-413e-8442-81632ce5c3b6,95,Херсонская область