id,category,title
a08b1396-8b40-40ba-8b23-1eb0a8265ffd,М,Мопеды
ac98cc7c-8bb8-488c-b4f1-c24d96da3b62,А,Мотоциклы
ce293eb2-b5a3-419c-b0c0-df3813b354a0,А1,Легкие мотоциклы
be8abe82-1cbd-4f0e-9b31-2b9db90231df,В,"Легковые автомобили, небольшие грузовики (до 3,5 тонн)"
210968c9-87f5-455c-912d-ba6406f1baea,В1,Трициклы
eb0abbb5-be52-455c-8154-17bb108f23f6,ВЕ,Легковые автомобили с прицепом
63cf7084-5052-49aa-aac9-e03c398839c6,С,"Грузовые автомобили (от 3,5 тонн)"
66872805-6447-4ae9-8336-c81afb24bf06,С1,"Средние грузовики (от 3,5 до 7 тонн)"
d12ab19f-e76b-41cb-a7bb-45e29253583a,С1Е,Средние грузовики с прицепом
74f04c17-9736-437c-8c71-337d89dbe89a,СЕ,Грузовые автомобили с прицепом
0dae43d9-b8d1-42c9-95aa-4973724fbb3d,D,Автобусы
02fd6fca-1e26-4a7f-aacf-0bf80605a964,DЕ,Автобусы с прицепом
98432771-0a07-46fc-b8aa-f94e920a3fcb,D1,Небольшие автобусы
4767ca1e-55de-44e8-a21f-bece299661bd,D1Е,Небольшие автобусы с прицепом
72f4c9e1-3b8e-45cc-adad-cb41209559aa,Tm,Трамваи
8704f91e-aed7-46b8-ad8e-c1a7d3f39a99,Tb,Троллейбусы

