id,title,engine_type_id
67188556-f68d-4d1b-a106-244a33a7e9d9,Газ/бензин,9b599c2b-bf12-49c3-99c7-266a1f2c84c1
ba57bca2-4725-43c5-93b9-4ed2809f4fe5,Premium (АИ-98),e9bb8900-a8ea-4093-9675-6ad9874f8a98
4c161de9-70b6-4143-8875-b591c8c78885,Электричество,f70f8624-5849-41cd-8634-093d9e03efcb
d0c7107f-fda7-44c4-a8a0-04ea6b8beee6,АИ-93,e9bb8900-a8ea-4093-9675-6ad9874f8a98
04dd89c3-f63f-4b27-84ba-3fb6f6c59ec3,АИ-98,e9bb8900-a8ea-4093-9675-6ad9874f8a98
a7d70b25-3138-45d1-9d94-65db709b1dad,АИ-91,e9bb8900-a8ea-4093-9675-6ad9874f8a98
0b7aa8f1-dedb-436c-b2a2-db3529b549af,Природный газ,ebe98ffa-ffd6-4a56-aa4b-61df37dfc51e
66c26303-d2ad-41f7-99de-28bd29ea6e53,АИ-95,e9bb8900-a8ea-4093-9675-6ad9874f8a98
6d2e24b1-23cf-4e16-b219-9d9e55aff638,АИ-76,e9bb8900-a8ea-4093-9675-6ad9874f8a98
9a81995c-49ad-4c9c-a6d9-f55a281c0ed9,А-76,e9bb8900-a8ea-4093-9675-6ad9874f8a98
f4d15fca-84fd-417c-a421-16c1e2a84698,Дизельное топливо,9a9b99d2-73e4-436e-a51d-6674878289fd
b689d0cb-3fef-4504-b698-c176da848e39,АИ-92,e9bb8900-a8ea-4093-9675-6ad9874f8a98
bea95ee9-d385-4561-a49e-bff00a0b4ec5,Углеводородный газ,e34fa2a1-1e32-4cb2-8c4b-a0f781486bba
